Issue,Definition,Cause,Solution,Budget,Recommended Product & Link
Frizz,Hair appears dry and puffy due to lack of moisture or humidity.,"Lack of moisture, humidity, heat damage.","Use sulfate-free shampoo, deep condition, apply anti-frizz serum.",Under $25,[SheaMoisture Frizz Control Styling Gel](https://www.amazon.com/dp/B01IAD52IM)
Dandruff,White flakes on the scalp caused by excessive shedding of skin cells.,"Dry scalp, fungal infection, product buildup.",Use anti-dandruff shampoo with zinc pyrithione or tea tree oil.,Under $25,[Head & Shoulders Clinical Strength Shampoo](https://www.amazon.com/dp/B00ISABU3S)
Hair Loss,Excessive shedding or thinning of hair from the scalp.,"Genetics, stress, poor diet, hormonal imbalance.","Use hair growth serums, improve diet, reduce stress.",$25-$50,[Nioxin System 2 Hair Growth Kit](https://www.amazon.com/dp/B0046VF2LI)
Oily Scalp,"Scalp produces excess oil, making hair greasy.","Overactive sebaceous glands, overwashing hair.","Wash hair with a mild shampoo, avoid heavy conditioners on scalp.",Under $25,[Neutrogena T/Gel Therapeutic Shampoo](https://www.amazon.com/dp/B0009KN8UA)
Split Ends,"Hair strands split at the tips, leading to frayed ends.","Heat styling, chemical treatments, lack of trimming.","Trim regularly, deep condition, avoid heat tools.",Under $25,[Redken Extreme Anti-Snap Leave-In Conditioner](https://www.amazon.com/dp/B0012JIQT0)
Dry Hair,"Hair lacks moisture, making it brittle and rough.","Overwashing, heat damage, lack of conditioning.","Use hydrating hair masks, limit heat styling, deep condition.",$25-$50,[Olaplex No.5 Bond Maintenance Conditioner](https://www.amazon.com/dp/B07D37SB7F)
Heat Damage,"Hair becomes weak, dry, and brittle due to excessive heat styling.",Frequent use of heat tools without protection.,"Apply heat protectant before styling, reduce heat tool usage.",$25-$50,[CHI 44 Iron Guard Thermal Protection Spray](https://www.amazon.com/dp/B00103DUWC)
Color Fading,"Hair dye fades over time, losing its vibrancy and depth.","UV exposure, washing hair with hot water, sulfate shampoos.","Use color-safe shampoos, avoid excessive sun exposure.",$25-$50,[Moroccanoil Color Depositing Mask](https://www.amazon.com/dp/B07W4N8TGL)
Scalp Irritation,"Scalp becomes red, itchy, or inflamed due to sensitivity or product reactions.","Harsh hair products, allergies, excess sebum production.","Use gentle hair products, avoid harsh chemicals, rinse with cool water.",Under $25,[Aveeno Scalp Soothing Apple Cider Vinegar Shampoo](https://www.amazon.com/dp/B07HFF9DH2)
Hair Breakage,Hair becomes weak and snaps easily.,"Excessive brushing, chemical treatments, weak hair structure.","Use strengthening hair masks, avoid excessive heat styling.",$25-$50,"[Briogeo Don't Despair, Repair! Deep Conditioning Mask](https://www.amazon.com/dp/B00I32AN4K)"
Thinning Hair,Hair appears thinner over time due to aging or health issues.,"Nutritional deficiencies, aging, hormonal changes.","Use volumizing shampoos, improve diet, consult a dermatologist.",$75 & up,[Nutrafol Hair Growth Supplement](https://www.amazon.com/dp/B0765KL3W1)
Product Buildup,"Residue from hair products accumulates, making hair feel heavy or greasy.","Use of too many styling products, not washing hair properly.","Clarify hair with a detox shampoo, reduce styling product usage.",Under $25,[Klorane Detox Shampoo with Aquatic Mint](https://www.amazon.com/dp/B07DDX61SR)
Slow Hair Growth,Hair grows slower than expected due to poor scalp health or nutrition.,"Poor diet, clogged hair follicles, genetics.","Massage scalp with natural oils, eat protein-rich foods.",$25-$50,[Mielle Organics Rosemary Mint Hair Growth Oil](https://www.amazon.com/dp/B07DGL3S6D)
Scalp Acne,"Small pimples or bumps appear on the scalp, often due to clogged follicles.","Excess oil production, poor hygiene, bacterial infection.","Wash hair regularly, avoid using oily hair products on the scalp.",Under $25,[Paula's Choice CLEAR Back & Body Acne Spray](https://www.amazon.com/dp/B0081D66PO)
Tangled Hair,"Hair knots easily, making it difficult to comb or manage.","Dry hair, rough towel drying, lack of conditioning.","Use detangling spray, comb with a wide-tooth comb, moisturize hair.",Under $25,[Kinky-Curly Knot Today Leave-In Detangler](https://www.amazon.com/dp/B000GZKP04)
